name,credit_card_number,credit_card_provider,credit_card_security_code,credit_card_expire
Samuel Rivera,3551943417229562,Maestro,747,02/24
Glenn Oconnor,213131814483307,Maestro,8470,01/32
Patricia Green,2222556689559523,JCB 16 digit,592,08/28
Leah Miller,6011359761184427,Discover,866,08/22
Gabriela Baird,3575957005376314,Discover,883,11/31
Austin Carter,4043063591043681,Maestro,127,03/26
Seth Tanner,4208219107658,Discover,383,10/22
Timothy Carter,4610593656556873,JCB 16 digit,571,10/28
Ann Snyder,4463921253317951,VISA 13 digit,243,04/26
Emily Morgan,3511091269000688,Maestro,294,11/22
Susan Page,4809853267223052,Diners Club / Carte Blanche,079,07/28
Christopher Dunn,565992229106,VISA 16 digit,889,06/24
Derrick Miller,584323157258,JCB 16 digit,402,02/32
Joel Gibson,342783734965112,VISA 16 digit,696,11/30
Nicole Diaz,6555746443507557,JCB 16 digit,955,04/25
Jill Mason,6011027126016259,Discover,857,08/26
Ms. Sherri Walker MD,4447022317498,Maestro,929,01/31
Andre Shaw,3537035693346464,American Express,614,02/32
John Braun,6528634340280458,Maestro,712,09/26
Heather Porter,2249109717731885,VISA 16 digit,232,02/26
Matthew Pearson,3546743771313236,JCB 16 digit,743,08/29
Jeremiah Wilson,3586060588184895,VISA 16 digit,684,12/24
Ashley Callahan,587880092263,VISA 16 digit,1924,12/27
Amy Wright,6519580493902516,Discover,807,03/32
Adam Ruiz,376719418738739,Mastercard,397,09/23
Raven Ramos,213124118414755,VISA 19 digit,642,02/28
Susan Mcbride,180078605344272,VISA 16 digit,538,10/23
Stephanie Gibson,4598807068725625397,JCB 15 digit,763,05/30
Christian Thomas,3569063317636046,VISA 16 digit,930,07/25
Kristen Clay,6011197921750418,JCB 16 digit,761,10/25
Susan Gilbert,30231979993453,Diners Club / Carte Blanche,911,10/22
Tiffany Campbell,6011459118769381,American Express,529,08/24
Keith Caldwell,6011212683823103,Maestro,012,08/28
William Miller,5591805490189426,Maestro,0657,09/31
Jennifer Shepherd,4659904096964142,VISA 16 digit,963,09/27
Michael Russell,378689055254597,JCB 15 digit,466,01/27
Morgan Cunningham,375374223752128,VISA 13 digit,4712,07/23
James Gonzales,3563407784268153,Maestro,304,01/23
Latasha Richardson,570598752949,Diners Club / Carte Blanche,602,06/28
Justin Heath,6502671383222864,JCB 15 digit,574,06/28
Daniel Fleming,3521480884821701,VISA 16 digit,518,02/31
Lisa Gilbert,676111919236,Mastercard,3027,04/24
Joanna Nelson,4918645909230992,JCB 16 digit,451,11/23
Michael Martinez,38524647856306,American Express,316,01/29
David Young,371696309803688,Diners Club / Carte Blanche,939,04/32
Robert Patton,4811773399724758542,Mastercard,535,01/29
Stephen David DVM,4928073156682807,Discover,396,05/29
Gabriela Wilson,4500803634280332289,VISA 13 digit,904,10/30
Kayla Brown,675936500031,JCB 16 digit,380,02/24
Kimberly English,4612260591555764647,VISA 16 digit,628,06/23
Rebecca Gibbs,2296511202977927,JCB 15 digit,264,02/32
Scott Wells,213175864944262,Discover,488,12/31
Julie Evans,4357533385495195290,Mastercard,886,11/22
Jasmine Knapp,6576811298977456,Mastercard,778,04/25
Meghan Valdez,4665873009634625,JCB 15 digit,634,06/32
Gabrielle Sanders,4380602198586492,Discover,694,07/22
Robert Booker,4196858008545,JCB 16 digit,515,07/25
Joanne Lindsey DDS,4445177199928171669,JCB 15 digit,227,03/24
Adam Watts,30571391291139,VISA 16 digit,203,04/31
Julie West DDS,6011508703504098,VISA 16 digit,519,12/24
Sarah Benton,2710995919011864,Maestro,803,12/29
Nancy Cervantes,180012902128179,VISA 13 digit,052,09/26
Terri Adams,4888581384970156153,Maestro,484,02/27
Cameron Hernandez,4699541784695492157,Diners Club / Carte Blanche,834,11/29
Margaret Navarro,2286581779541929,American Express,420,10/24
Cynthia Ramsey,4036424635613690,VISA 16 digit,977,11/24
Katherine Maxwell,4244562442970460,Mastercard,085,09/23
Patrick Anderson,3586943577426858,JCB 16 digit,885,09/28
Michael Martinez,578529199106,Maestro,437,07/25
Michael Moore,4579839363384726285,Diners Club / Carte Blanche,385,02/24
Melissa Garcia,503882993903,American Express,787,06/29
Deborah Strong,4542334761127703,VISA 19 digit,859,12/27
Mia Torres,2659996764986146,JCB 16 digit,113,03/25
Jonathan Smith,213152140618671,Mastercard,032,09/31
Chris Garcia,3540467536791009,American Express,491,04/32
Elizabeth Fischer,501869501194,JCB 16 digit,142,11/22
Tyler Johnson DDS,6535597642179747,JCB 16 digit,498,04/29
Alan Thomas,4185391467391,VISA 13 digit,662,09/31
Randy Estes,370853531048738,Discover,576,08/23
Taylor Wilson,5165076080134026,VISA 13 digit,556,06/25
Anthony Watkins,4767383501653506315,VISA 13 digit,222,10/30
Amanda Garrison,4420951367248,Diners Club / Carte Blanche,644,05/31
John Barber,4398750770580027,JCB 16 digit,176,12/31
Christopher Young,4788208196612195893,VISA 19 digit,169,02/24
Ms. Sarah Holmes,6542308561659532,JCB 16 digit,577,12/22
Jessica Rodriguez,4028044735962670,Diners Club / Carte Blanche,638,06/31
Frank Elliott,379955334783667,VISA 19 digit,856,07/31
Robert Scott,3548658054545767,JCB 16 digit,721,07/24
Tina Holloway,3572359362618631,JCB 16 digit,261,03/29
Randall Cox,4909688160768524430,VISA 16 digit,205,08/23
Scott Hubbard,3575709728220182,JCB 16 digit,140,09/29
Jason Rodriguez,3536630925785363,American Express,416,05/26
Jorge Johnson,6568968061983176,VISA 16 digit,154,04/26
Robert Mcintyre,503829314940,VISA 16 digit,960,12/28
Daniel Coleman,3523547443354024,JCB 16 digit,402,12/30
Mrs. Dorothy Ortiz MD,4849663205066014,Maestro,827,06/22
Jose Williams,4357909001893,VISA 19 digit,7946,11/27
Ashley King,5503508494523379,JCB 16 digit,122,11/23
Brian Gonzales,3544009379090184,Diners Club / Carte Blanche,518,06/29
Patrick Chambers,4611428628887,JCB 15 digit,042,11/28
William Smith,6505210005618964,VISA 13 digit,126,06/23
Samantha Pennington,4504787409015539,Diners Club / Carte Blanche,317,08/24
Janet Mack,378618063396678,Mastercard,581,03/26
Cheryl Pittman,3570223273172389,JCB 16 digit,630,03/28
Melanie Willis,3505403108524935,American Express,708,06/32
Amy Sandoval,6011927643563446,JCB 15 digit,673,08/27
Erin Barnes,6545890060128579,VISA 16 digit,903,02/29
Martha Collins,3525279393097340,Mastercard,693,07/31
Grace Yang,30134509969680,JCB 15 digit,986,03/23
Thomas Brown,4355310133251344,VISA 16 digit,360,10/22
Sean Chapman,349826849672132,JCB 16 digit,899,04/23
Jesus Mitchell,36749896233285,Mastercard,225,09/24
Molly Walker,3501903450785244,VISA 16 digit,6973,09/26
Richard Guzman,30198157705209,Discover,6510,07/24
Aaron Case,4167247917078162832,Diners Club / Carte Blanche,679,05/30
Kayla Soto,345547518582410,Diners Club / Carte Blanche,196,12/29
David Graham,3561589270650275,JCB 16 digit,452,09/26
Jay Sparks,30357395042409,VISA 13 digit,7170,11/25
Russell Stewart,30399897621033,JCB 16 digit,072,09/26
Kevin Chandler,4082964861258036,VISA 19 digit,209,06/27
Aaron Simon,560220661162,VISA 19 digit,957,12/22
Amy Robertson,213111431408895,Mastercard,816,05/24
Mr. Arthur Lee,6515142594639275,Discover,490,02/24
Thomas Moore,213109393571817,JCB 16 digit,330,06/24
Richard Willis,4049016992007766,VISA 19 digit,935,03/25
Kathy Fields,5247629567658057,VISA 13 digit,995,06/26
Lindsey Sullivan,502001714398,VISA 19 digit,414,09/22
Tracy Harper,4318865308259493,Maestro,754,03/24
Ryan Fritz,4846046024348644,VISA 19 digit,760,07/28
Michael Washington,3596473582155902,VISA 16 digit,051,08/28
Lisa Velez,4520775006805,JCB 16 digit,9946,01/24
Brandon Powers,675940663171,Mastercard,600,01/29
Karen Skinner,6011794890133806,VISA 16 digit,841,09/28
Misty Parker,676322219285,JCB 15 digit,351,10/25
Nicole Hopkins,4918200139193303,JCB 15 digit,167,08/26
James Wallace,4480432186270159,Mastercard,829,01/27
David Smith,3541446420806213,VISA 19 digit,8915,03/31
Brittany Fitzgerald,2223111258133653,JCB 15 digit,2279,09/25
Wendy James,3589097447697995,JCB 16 digit,136,06/30
Mrs. Susan Maxwell DDS,4100768694666572,VISA 13 digit,053,02/25
Matthew Rice,30049585442693,JCB 16 digit,596,04/24
Kimberly Johnson,3517787677852412,Discover,695,09/30
Kelly Grimes,213103799150482,Diners Club / Carte Blanche,730,11/26
Michelle Smith,6011019585300480,VISA 16 digit,610,04/25
Rebecca Collier,4752311315289,Discover,987,10/26
Lori Russell,2316737094257203,Diners Club / Carte Blanche,9874,06/28
Michael Garner,3560231212170481,VISA 13 digit,334,08/26
Catherine Gonzalez,3587598174920577,Diners Club / Carte Blanche,973,06/26
Steven Smith,340537675764179,JCB 16 digit,658,08/22
Roger Obrien,180012524561559,VISA 19 digit,565,12/22
Brian Bradshaw,213135638766227,Maestro,144,06/22
Samantha Morris,373402749398571,VISA 19 digit,267,01/30
Edward Foster,3578198660202969,JCB 15 digit,856,11/29
Emily Stewart,4988228519862367429,VISA 16 digit,724,08/23
Lisa Rose,38004886501624,Maestro,078,05/23
Danielle Chavez,4783273211480049,VISA 16 digit,882,11/23
Amanda Smith,345851959460767,JCB 16 digit,159,03/27
Tiffany Walker,3574676170054115,Mastercard,893,03/29
Raymond Kemp,180092067259811,VISA 13 digit,603,12/28
Linda Woods,3502926508420117,Discover,505,11/30
Bryan Smith,347823371837391,VISA 13 digit,969,12/23
Joshua Davis,3523227032811094,JCB 15 digit,256,10/23
Laura Hamilton,372552055832737,JCB 15 digit,977,04/24
Michael Rice,4234858351103370,Maestro,285,11/31
Pamela Schwartz,4579557158549,American Express,856,11/31
Sandra Davis,180061452006376,JCB 16 digit,409,08/24
Dr. Betty Rivas,3588984358753779,VISA 13 digit,0400,03/25
Margaret Mann,4327483962053779,Mastercard,903,04/25
Jose George,30258948900988,Maestro,678,08/25
Jennifer Welch,4221918074251,JCB 16 digit,992,07/28
Lori Jarvis,6011603199464293,VISA 16 digit,743,03/25
Tiffany Mcdaniel,6011857677344530,Diners Club / Carte Blanche,696,12/26
Dawn Dunn,213142692970562,VISA 13 digit,524,10/22
Bill Gregory,2480528338849768,Mastercard,944,10/22
Harold Olsen,6504464312602440,Mastercard,7725,01/27
Matthew Lang,6558121841165290,VISA 16 digit,590,04/27
Robert Skinner,3507098930390600,American Express,021,05/25
Frank Le,6584244179784330,VISA 16 digit,424,12/23
Michael Stevens,4206766659773057845,American Express,148,08/25
Paula Miller,180068248459421,VISA 16 digit,520,07/23
Kathryn Patrick,372622858171615,Diners Club / Carte Blanche,731,06/29
Samantha Carrillo,3524366797795800,VISA 13 digit,3452,03/28
Chris Diaz,3510565371992206,Maestro,667,11/29
Christine Johnson,4721031663487895,Discover,700,01/23
Louis Lang,4930061193599,Discover,955,05/27
Curtis Johnson,4666297928756040752,Diners Club / Carte Blanche,438,01/32
Joseph Valdez,6522775986535287,Maestro,622,05/29
Laura Johnson,180053250516151,JCB 15 digit,022,06/27
Jillian Oconnell,373668829907271,American Express,888,06/26
Lisa Bonilla,5559897939840263,JCB 16 digit,170,02/32
Arthur Myers,30033669809407,VISA 16 digit,290,07/31
Michael Moore,4815129812757346,VISA 19 digit,988,07/23
Ronald Guzman,371642024896417,Diners Club / Carte Blanche,331,04/32
Felicia Knight,4309928251751525154,Diners Club / Carte Blanche,269,01/32
Brandon Rivera,5172320834179866,Discover,776,07/23
James Shaw,347142754322933,VISA 19 digit,903,08/24
Anne King,676349309176,Maestro,584,03/29
David Davis,4370395517930242,American Express,991,11/31
Tracy Henry,4144718073379451,Discover,915,04/29
Diana Terrell,180020164778946,JCB 16 digit,175,05/25
